{"root":[{"assemblyName":"Assembly-CSharp","nameSpace":"","className":"__UnmanagedPostProcessorOutput__753148240","methodName":"EarlyInit","loadTypes":2,"isUnityClass":false},{"assemblyName":"Assembly-CSharp","nameSpace":"","className":"__JobReflectionRegistrationOutput__753148240","methodName":"EarlyInit","loadTypes":2,"isUnityClass":false},{"assemblyName":"Assembly-CSharp","nameSpace":"","className":"$BurstDirectCallInitializer","methodName":"Initialize","loadTypes":2,"isUnityClass":false},{"assemblyName":"Unity.Collections","nameSpace":"","className":"__JobReflectionRegistrationOutput__3307530353","methodName":"EarlyInit","loadTypes":2,"isUnityClass":true},{"assemblyName":"Unity.Collections","nameSpace":"","className":"$BurstDirectCallInitializer","methodName":"Initialize","loadTypes":2,"isUnityClass":true},{"assemblyName":"Unity.Entities","nameSpace":"Unity.Entities","className":"DefaultWorldInitialization","methodName":"CleanupWorldBeforeSceneLoad","loadTypes":4,"isUnityClass":true},{"assemblyName":"Unity.Entities","nameSpace":"Unity.Entities.Content","className":"RuntimeContentManager","methodName":"RuntimeInitialization","loadTypes":4,"isUnityClass":true},{"assemblyName":"Unity.Entities","nameSpace":"Unity.Entities.Content","className":"RuntimeContentSystem","methodName":"RuntimeInitialize","loadTypes":0,"isUnityClass":true},{"assemblyName":"Unity.Entities","nameSpace":"","className":"__UnmanagedPostProcessorOutput__2262965200","methodName":"EarlyInit","loadTypes":2,"isUnityClass":true},{"assemblyName":"Unity.Entities","nameSpace":"","className":"__JobReflectionRegistrationOutput__2262965200","methodName":"EarlyInit","loadTypes":2,"isUnityClass":true},{"assemblyName":"Unity.Entities","nameSpace":"","className":"$BurstDirectCallInitializer","methodName":"Initialize","loadTypes":2,"isUnityClass":true},{"assemblyName":"Unity.Entities.Graphics","nameSpace":"","className":"__JobReflectionRegistrationOutput__2383582902","methodName":"EarlyInit","loadTypes":2,"isUnityClass":true},{"assemblyName":"Unity.Entities.Graphics","nameSpace":"","className":"$BurstDirectCallInitializer","methodName":"Initialize","loadTypes":2,"isUnityClass":true},{"assemblyName":"Unity.Entities.Hybrid","nameSpace":"Unity.Entities","className":"AutomaticWorldBootstrap","methodName":"Initialize","loadTypes":1,"isUnityClass":true},{"assemblyName":"Unity.Entities.Hybrid","nameSpace":"Unity.Entities","className":"AttachToEntityClonerInjection","methodName":"Initialize","loadTypes":1,"isUnityClass":true},{"assemblyName":"Unity.Entities.Hybrid","nameSpace":"","className":"__JobReflectionRegistrationOutput__1411912207","methodName":"EarlyInit","loadTypes":2,"isUnityClass":true},{"assemblyName":"Unity.Entities.Hybrid","nameSpace":"","className":"$BurstDirectCallInitializer","methodName":"Initialize","loadTypes":2,"isUnityClass":true},{"assemblyName":"Unity.Mathematics.Extensions","nameSpace":"","className":"__JobReflectionRegistrationOutput__3630860842","methodName":"EarlyInit","loadTypes":2,"isUnityClass":true},{"assemblyName":"Unity.Physics","nameSpace":"","className":"__UnmanagedPostProcessorOutput__299840746","methodName":"EarlyInit","loadTypes":2,"isUnityClass":true},{"assemblyName":"Unity.Physics","nameSpace":"","className":"__JobReflectionRegistrationOutput__299840746","methodName":"EarlyInit","loadTypes":2,"isUnityClass":true},{"assemblyName":"Unity.Physics","nameSpace":"","className":"$BurstDirectCallInitializer","methodName":"Initialize","loadTypes":2,"isUnityClass":true},{"assemblyName":"Unity.Physics.Hybrid","nameSpace":"","className":"__UnmanagedPostProcessorOutput__2233142520","methodName":"EarlyInit","loadTypes":2,"isUnityClass":true},{"assemblyName":"Unity.Physics.Hybrid","nameSpace":"","className":"__JobReflectionRegistrationOutput__2233142520","methodName":"EarlyInit","loadTypes":2,"isUnityClass":true},{"assemblyName":"Unity.Physics.Hybrid","nameSpace":"","className":"$BurstDirectCallInitializer","methodName":"Initialize","loadTypes":2,"isUnityClass":true},{"assemblyName":"Unity.RenderPipelines.Core.Runtime","nameSpace":"UnityEngine.Experimental.Rendering","className":"XRSystem","methodName":"XRSystemInit","loadTypes":3,"isUnityClass":true},{"assemblyName":"Unity.RenderPipelines.Core.Runtime","nameSpace":"UnityEngine.Rendering","className":"DebugUpdater","methodName":"RuntimeInit","loadTypes":0,"isUnityClass":true},{"assemblyName":"Unity.RenderPipelines.Universal.Runtime","nameSpace":"","className":"__JobReflectionRegistrationOutput__3731915596","methodName":"EarlyInit","loadTypes":2,"isUnityClass":true},{"assemblyName":"Unity.Scenes","nameSpace":"","className":"__UnmanagedPostProcessorOutput__1225851901","methodName":"EarlyInit","loadTypes":2,"isUnityClass":true},{"assemblyName":"Unity.Scenes","nameSpace":"","className":"__JobReflectionRegistrationOutput__1225851901","methodName":"EarlyInit","loadTypes":2,"isUnityClass":true},{"assemblyName":"Unity.Scenes","nameSpace":"","className":"$BurstDirectCallInitializer","methodName":"Initialize","loadTypes":2,"isUnityClass":true},{"assemblyName":"Unity.Serialization","nameSpace":"Unity.Serialization","className":"DefaultPropertyBagInitializer","methodName":"Initialize","loadTypes":0,"isUnityClass":true},{"assemblyName":"Unity.Serialization","nameSpace":"Unity.Serialization.Json","className":"JsonObject","methodName":"RegisterPropertyBag","loadTypes":4,"isUnityClass":true},{"assemblyName":"Unity.Serialization","nameSpace":"Unity.Serialization.Json","className":"JsonArray","methodName":"RegisterPropertyBag","loadTypes":4,"isUnityClass":true},{"assemblyName":"Unity.Serialization","nameSpace":"","className":"__JobReflectionRegistrationOutput__157750994","methodName":"EarlyInit","loadTypes":2,"isUnityClass":true},{"assemblyName":"Unity.Transforms","nameSpace":"","className":"__UnmanagedPostProcessorOutput__1709597032","methodName":"EarlyInit","loadTypes":2,"isUnityClass":true},{"assemblyName":"Unity.Transforms","nameSpace":"","className":"__JobReflectionRegistrationOutput__1709597032","methodName":"EarlyInit","loadTypes":2,"isUnityClass":true},{"assemblyName":"Unity.Transforms","nameSpace":"","className":"$BurstDirectCallInitializer","methodName":"Initialize","loadTypes":2,"isUnityClass":true},{"assemblyName":"Unity.Transforms.Hybrid","nameSpace":"","className":"__JobReflectionRegistrationOutput__2072666541","methodName":"EarlyInit","loadTypes":2,"isUnityClass":true},{"assemblyName":"Unity.Transforms.Hybrid","nameSpace":"","className":"$BurstDirectCallInitializer","methodName":"Initialize","loadTypes":2,"isUnityClass":true},{"assemblyName":"Unity.VisualScripting.Core","nameSpace":"Unity.VisualScripting","className":"RuntimeVSUsageUtility","methodName":"RuntimeInitializeOnLoadBeforeSceneLoad","loadTypes":1,"isUnityClass":true}]}
